[{
    "alt": "TOM Jesler",
    "src": "https://os.alipayobjects.com/rmsportal/QBnOOoLaAfKPirc.png",
    "title": "Tom Jesler",
    "description": "Guitarist  India"
}, {
    "alt": "Jim Kerry",
    "src": "https://www.expressandstar.com/resizer/PtkZFg8g4ItXUGAnFo46lNjUKOI=/1000x0/filters:quality(100)/arc-anglerfish-arc2-prod-expressandstar-mna.s3.amazonaws.com/public/B5LT7G2NEFCOBIU33P546MZGKM.jpg",
    "title": "Jim Kerry",
    "description": "Guitarist  Canada"
}, {
    "alt": "Binita Roy",
    "src": "https://www.dawsons.co.uk/blog/wp-content/uploads/2015/06/Playing-Guitar.jpg",
    "title": "Binita Roy",
    "description": "Guitarist  China"
}, {
    "alt": "Andrew Kewin",
    "src": "https://www.dawsons.co.uk/blog/wp-content/uploads/2015/06/Playing-Guitar.jpg",
    "title": "Andrew Kewin",
    "description": "Guitarist  England"
}, {
    "alt": "Teresa Sayad",
    "src": "https://cdn.mos.cms.futurecdn.net/3z2jp4Hurn4Ak4TAXWgyj6-1200-80.jpg",
    "title": "Teresa Sayad",
    "description": "Guitarist  England"
}]