[
    {
        "name": "name",
        "label": "Name",
        "rules": [{
            "required": true,
            "message": "Please input your name!"
        }],
        "placeholder": "Sandeep Kumar"
    }, {
        "name": "password",
        "label": "Password",
        "rules": [{
            "required": true,
            "message": "Please input your password!"
        }],
        "placeholder": "*******"
    }, {
        "name": "confirm password",
        "label": "Confirm Password",
        "rules": [{
            "required": true,
            "message": "Please input your password again!"
        }],
        "placeholder": "*******"
    }, {
        "name": "passion",
        "label": "Passion",
        "rules": [{
            "required": true,
            "message": "Please input your passion!"
        }],
        "placeholder": "Photography"
    }, {
        "name": "profession",
        "label": "Profession",
        "rules": [{
            "required": true,
            "message": "Please input your profession!"
        }],
        "placeholder": "Engineer"
    }, {
        "name": "area",
        "label": "Area",
        "rules": [{
            "required": true,
            "message": "Please input your area!"
        }],
        "placeholder": "Kharadi"
    }, {
        "name": "city",
        "label": "City",
        "rules": [{
            "required": true,
            "message": "Please input your city!"
        }],
        "placeholder": "Pune"
    }, {
        "name": "state",
        "label": "State",
        "rules": [{
            "required": true,
            "message": "Please input your state!"
        }],
        "placeholder": "Maharastra"
    }, {
        "name": "country",
        "label": "Country",
        "rules": [{
            "required": true,
            "message": "Please input your country!"
        }],
        "placeholder": "India"
    }, {
        "name": "dateofbirth",
        "label": "Date of Birth",
        "rules": [{
            "required": true,
            "message": "Please input your dob!"
        }],
        "placeholder": "India"
    }
]